company_name,reason,date_added
GR8 Tech,Has dedicated Crypto Turnkey product on website,2026-05-21
BetConstruct,Has Crypto iGaming Solution + enterprise scale (6000+ employees),2026-05-21
SOFTSWISS,Has Crypto Casino product on website,2026-05-21
EvenBet Gaming,Has Crypto Poker Solutions on website,2026-05-21
NuxGame,Has Bitcoin Casino product on website,2026-05-21
VeliTech,Supports 200+ currencies including crypto (native crypto offering),2026-05-21
GammaStack,Has crypto casino provider page on website,2026-05-21
BETFOC,Pioneered crypto since 2013 — crypto is core offering,2026-05-21
Digient,Has Crypto Casino & Sweepstakes product,2026-05-21
GBO Gaming,Offers crypto casino variants as product,2026-05-21
Trivelta,Headquartered in Boston USA — jurisdiction restriction,2026-05-21
PlayEngine,Headquartered in Berkeley USA — jurisdiction restriction,2026-05-21
Metric Gaming,Headquartered in Las Vegas USA — jurisdiction restriction,2026-05-21
Kambi,Enterprise scale (1000+ employees),2026-05-21
EveryMatrix,Enterprise tier,2026-05-21
Sportradar,Enterprise scale,2026-05-21
Playtech,Enterprise scale / publicly traded,2026-05-21
EGT Digital,800+ employees — too large,2026-05-21
Libernetix,Added to outreach blacklist,2026-05-21
primevault.com,Added to outreach blacklist,2026-05-21
Exinity,Added to outreach blacklist,2026-05-21
FP Markets,Added to outreach blacklist,2026-05-21
FunderPro,Added to outreach blacklist,2026-05-21
MostBet,Added to outreach blacklist,2026-05-21
sp999.games,Added to outreach blacklist,2026-05-21
Epybet,Added to outreach blacklist,2026-05-21
Polker entertainment,Added to outreach blacklist,2026-05-21
Deriv.com,Added to outreach blacklist,2026-05-21
FxPro,Added to outreach blacklist,2026-05-21
Doo Prime,Added to outreach blacklist,2026-05-21
Pepperstone,Added to outreach blacklist,2026-05-21
Exness,Added to outreach blacklist,2026-05-21
Scope Markets,Added to outreach blacklist,2026-05-21
Trading 212,Added to outreach blacklist,2026-05-21
robomarkets,Added to outreach blacklist,2026-05-21
Blade4Blade,Added to outreach blacklist,2026-05-21
Bullsbet,Added to outreach blacklist,2026-05-21
GRODT Group,Added to outreach blacklist,2026-05-21
Altacore,Added to outreach blacklist,2026-05-21
Cryptobosscasino,Added to outreach blacklist,2026-05-21
GodBunny,Added to outreach blacklist,2026-05-21
Bingo,Added to outreach blacklist,2026-05-21
Cryptobetsports,Added to outreach blacklist,2026-05-21
Goplay365,Added to outreach blacklist,2026-05-21
Favbet,Added to outreach blacklist,2026-05-21
Catcasino,Added to outreach blacklist,2026-05-21
DahiBet (MarkBet),Added to outreach blacklist,2026-05-21
ArkinNew,Added to outreach blacklist,2026-05-21
Bluechip,Added to outreach blacklist,2026-05-21
Alexandracasino,Added to outreach blacklist,2026-05-21
Arthur Gaming,Added to outreach blacklist,2026-05-21
1win.pro,Added to outreach blacklist,2026-05-21
Casiglo,Added to outreach blacklist,2026-05-21
BetItAll,Added to outreach blacklist,2026-05-21
Betwin168.bet,Added to outreach blacklist,2026-05-21
Casibar,Added to outreach blacklist,2026-05-21
Chilli6,Added to outreach blacklist,2026-05-21
bet365,Added to outreach blacklist,2026-05-21
7xlcom,Added to outreach blacklist,2026-05-21
Casinoprestij,Added to outreach blacklist,2026-05-21
Digitalwin,Added to outreach blacklist,2026-05-21
Amatic.ci,Added to outreach blacklist,2026-05-21
Epikbahis,Added to outreach blacklist,2026-05-21
Holobet,Added to outreach blacklist,2026-05-21
Evolve888,Added to outreach blacklist,2026-05-21
GojiCasino,Added to outreach blacklist,2026-05-21
fh-00,Added to outreach blacklist,2026-05-21
Chillbet,Added to outreach blacklist,2026-05-21
Galaktika,Added to outreach blacklist,2026-05-21
Claps,Added to outreach blacklist,2026-05-21
Casino123,Added to outreach blacklist,2026-05-21
Continental,Added to outreach blacklist,2026-05-21
CREW MEDIA,Added to outreach blacklist,2026-05-21
Tradebrix,Added to outreach blacklist,2026-05-21
Finery Markets,Added to outreach blacklist,2026-05-21
Rock-west,Added to outreach blacklist,2026-05-21
Bettorify,Added to outreach blacklist,2026-05-21
Delasport,Added to outreach blacklist,2026-05-21
Bromston Associates LTD,Added to outreach blacklist,2026-05-21
JER-TEAM LIMITED,Added to outreach blacklist,2026-05-21
TGBL Limitada,Added to outreach blacklist,2026-05-21
0x.bet,Added to outreach blacklist,2026-05-21
MOMUS2006 Ltd,Added to outreach blacklist,2026-05-21
Hollyghost,Added to outreach blacklist,2026-05-21
chacha.bet,Added to outreach blacklist,2026-05-21
betspino.com,Added to outreach blacklist,2026-05-21
Gamix,Added to outreach blacklist,2026-05-21
lala.bet,Added to outreach blacklist,2026-05-21
Hashing24,Added to outreach blacklist,2026-05-21
viu-viu.com,Added to outreach blacklist,2026-05-21
Daddy3,Added to outreach blacklist,2026-05-21
25 SOCIEDAD,Added to outreach blacklist,2026-05-21
Casiworx N.V.,Added to outreach blacklist,2026-05-21
igo.bet,Added to outreach blacklist,2026-05-21
Grams,Added to outreach blacklist,2026-05-21
FunWin,Added to outreach blacklist,2026-05-21
koko.bet,Added to outreach blacklist,2026-05-21
luckygem.com,Added to outreach blacklist,2026-05-21
bino.bet,Added to outreach blacklist,2026-05-21
Tip-Top Casino,Added to outreach blacklist,2026-05-21
Samrat SG Private Limited,Added to outreach blacklist,2026-05-21
instasino.com,Added to outreach blacklist,2026-05-21
li.bet,Added to outreach blacklist,2026-05-21
tip-top.bet,Added to outreach blacklist,2026-05-21
Vpgame,Added to outreach blacklist,2026-05-21
Bitstake,Added to outreach blacklist,2026-05-21
Jawhara.bet,Added to outreach blacklist,2026-05-21
LAAFFIC,Added to outreach blacklist,2026-05-21
Mega,Added to outreach blacklist,2026-05-21
spinstar.bet,Added to outreach blacklist,2026-05-21
trueluck.com,Added to outreach blacklist,2026-05-21
Bitgiftcard,Added to outreach blacklist,2026-05-21
vibestream,Added to outreach blacklist,2026-05-21
Laki,Added to outreach blacklist,2026-05-21
Bigs.bet,Added to outreach blacklist,2026-05-21
starzino.com,Added to outreach blacklist,2026-05-21
BigMamoo,Added to outreach blacklist,2026-05-21
winhero.com,Added to outreach blacklist,2026-05-21
Rakebit,Added to outreach blacklist,2026-05-21
Bahisbet,Added to outreach blacklist,2026-05-21
Weltrade,Added to outreach blacklist,2026-05-21
Cryptorush,Added to outreach blacklist,2026-05-21
booms.bet,Added to outreach blacklist,2026-05-21
Goldfishka,Added to outreach blacklist,2026-05-21
Lukkly,Added to outreach blacklist,2026-05-21
Catpay Business Genesis,Added to outreach blacklist,2026-05-21
justbit.io,Added to outreach blacklist,2026-05-21
Mirax Management LTD,Added to outreach blacklist,2026-05-21
Crypdonate.Charity,Added to outreach blacklist,2026-05-21
elf-bet.com,Added to outreach blacklist,2026-05-21
gxbet.com,Added to outreach blacklist,2026-05-21
newlucky.com,Added to outreach blacklist,2026-05-21
Wolfbet,Added to outreach blacklist,2026-05-21
Fenris Limitada,Added to outreach blacklist,2026-05-21
boomerang.bet,Added to outreach blacklist,2026-05-21
BETUNLIM,Added to outreach blacklist,2026-05-21
Yolo.com (Bitcasino.io),Added to outreach blacklist,2026-05-21
Praxis Cashier,Added to outreach blacklist,2026-05-21
BridgerPay,Added to outreach blacklist,2026-05-21
Yellow Card App,Added to outreach blacklist,2026-05-21
FinteqHub,Added to outreach blacklist,2026-05-21
gate2way,Added to outreach blacklist,2026-05-21
Worldline,Added to outreach blacklist,2026-05-21
Tom Horn Gaming,Added to outreach blacklist,2026-05-21
Novomatic,Added to outreach blacklist,2026-05-21
XM,Added to outreach blacklist,2026-05-21
GameInteraction,Added to outreach blacklist,2026-05-21
In2Markets,Added to outreach blacklist,2026-05-21
2WinPower,Added to outreach blacklist,2026-05-21
DarijaBet,Added to outreach blacklist,2026-05-21
Casombie,Added to outreach blacklist,2026-05-21
Microgaming,Added to outreach blacklist,2026-05-21
Peakgamble,Added to outreach blacklist,2026-05-21
iGate,Added to outreach blacklist,2026-05-21
GamingSoft,Added to outreach blacklist,2026-05-21
TopFX,Added to outreach blacklist,2026-05-21
BetSoft,Added to outreach blacklist,2026-05-21
Nolimit City,Added to outreach blacklist,2026-05-21
White Label Casinos,Added to outreach blacklist,2026-05-21
IGT PlayDigital,Added to outreach blacklist,2026-05-21
African Computer Equipment Suppliers,Added to outreach blacklist,2026-05-21
Cabbagino,Added to outreach blacklist,2026-05-21
iGaming Group,Added to outreach blacklist,2026-05-21
Aristocrat Interactive,Added to outreach blacklist,2026-05-21
Golden Matrix,Added to outreach blacklist,2026-05-21
Relax Gaming Ltd,Added to outreach blacklist,2026-05-21
BetWorks,Added to outreach blacklist,2026-05-21
Uplatform,Added to outreach blacklist,2026-05-21
Pronet Gaming,Added to outreach blacklist,2026-05-21
CME Group,Added to outreach blacklist,2026-05-21
Corefy,Added to outreach blacklist,2026-05-21
BlueOcean Gaming,Added to outreach blacklist,2026-05-21
NetBet,Added to outreach blacklist,2026-05-21
Bede Gaming,Added to outreach blacklist,2026-05-21
Zenfinex Global,Added to outreach blacklist,2026-05-21
Windsor Brokers,Added to outreach blacklist,2026-05-21
GambleBeast,Added to outreach blacklist,2026-05-21
BGaming,Added to outreach blacklist,2026-05-21
Betano,Added to outreach blacklist,2026-05-21
Spinomenal,Added to outreach blacklist,2026-05-21
HotSpins,Added to outreach blacklist,2026-05-21
Parasino,Added to outreach blacklist,2026-05-21
Push Gaming,Added to outreach blacklist,2026-05-21
Taurex,Added to outreach blacklist,2026-05-21
PopOK Gaming,Added to outreach blacklist,2026-05-21
KQ Markets Ltd,Added to outreach blacklist,2026-05-21
XTB,Added to outreach blacklist,2026-05-21
Cboe Global Markets,Added to outreach blacklist,2026-05-21
GiG,Added to outreach blacklist,2026-05-21
Leverate,Added to outreach blacklist,2026-05-21
Key to Markets,Added to outreach blacklist,2026-05-21
Alea,Added to outreach blacklist,2026-05-21
Lynon,Added to outreach blacklist,2026-05-21
Slotegrator,Added to outreach blacklist,2026-05-21
Melbet,Added to outreach blacklist,2026-05-21
GBL,Added to outreach blacklist,2026-05-21
Afribapay,Added to outreach blacklist,2026-05-21
Brightfunded,Added to outreach blacklist,2026-05-21
BetInspire,Added to outreach blacklist,2026-05-21
Zerion,Added to outreach blacklist,2026-05-21
AUSPRIME,Added to outreach blacklist,2026-05-21
Felix Games,Added to outreach blacklist,2026-05-21
Razorpay,Added to outreach blacklist,2026-05-21
Digitain,Added to outreach blacklist,2026-05-21
Odds88,Added to outreach blacklist,2026-05-21
Elys Game Technology,Added to outreach blacklist,2026-05-21
TrueMoney,Added to outreach blacklist,2026-05-21
Play'n GO,Added to outreach blacklist,2026-05-21
All In Platform,Added to outreach blacklist,2026-05-21
Sirplay,Added to outreach blacklist,2026-05-21
Evolution Gaming,Added to outreach blacklist,2026-05-21
Gamanza,Added to outreach blacklist,2026-05-21
iGaming Platform (IGP),Added to outreach blacklist,2026-05-21
Vbet,Added to outreach blacklist,2026-05-21
Betandyou,Added to outreach blacklist,2026-05-21
Alchemy Markets,Added to outreach blacklist,2026-05-21
PayLab,Added to outreach blacklist,2026-05-21
India Payouts,Added to outreach blacklist,2026-05-21
Betting Software Online,Added to outreach blacklist,2026-05-21
Match-Trade Technologies,Added to outreach blacklist,2026-05-21
Neuron Markets,Added to outreach blacklist,2026-05-21
BetConstruct (SoftConstruct),Added to outreach blacklist,2026-05-21
IQ Option,Added to outreach blacklist,2026-05-21
Bestpay24,Added to outreach blacklist,2026-05-21
NetEnt,Added to outreach blacklist,2026-05-21
3 Oaks Gaming,Added to outreach blacklist,2026-05-21
TrueLabel,Added to outreach blacklist,2026-05-21
Endorphina,Added to outreach blacklist,2026-05-21
White Hat Gaming,Added to outreach blacklist,2026-05-21
Mobinc,Added to outreach blacklist,2026-05-21
Pragmatic Play,Added to outreach blacklist,2026-05-21
Vicca Group,Added to outreach blacklist,2026-05-21
Gamzix,Added to outreach blacklist,2026-05-21
Betfinal,Added to outreach blacklist,2026-05-21
Wire-Wallet,Added to outreach blacklist,2026-05-21
Axiory Global Ltd.,Added to outreach blacklist,2026-05-21
Coincoptrade,Added to outreach blacklist,2026-05-21
Mr.Gamble,Added to outreach blacklist,2026-05-21
Dench eGaming Solutions,Added to outreach blacklist,2026-05-21
Mancala Gaming,Added to outreach blacklist,2026-05-21
IGpay,Added to outreach blacklist,2026-05-21
Playson,Added to outreach blacklist,2026-05-21
MOA Gaming,Added to outreach blacklist,2026-05-21
Admirals,Added to outreach blacklist,2026-05-21
Mondogaming,Added to outreach blacklist,2026-05-21
Obtained,Added to outreach blacklist,2026-05-21
Vantage,Added to outreach blacklist,2026-05-21
VEGangster,Added to outreach blacklist,2026-05-21
Microgame,Added to outreach blacklist,2026-05-21
OMNO,Added to outreach blacklist,2026-05-21
Colmex Pro Ltd.,Added to outreach blacklist,2026-05-21
AVA TRADE EU LIMITED,Added to outreach blacklist,2026-05-21
Cactus Gaming,Added to outreach blacklist,2026-05-21
Soft2Bet,Added to outreach blacklist,2026-05-21
Nium,Added to outreach blacklist,2026-05-21
M4Markets,Added to outreach blacklist,2026-05-21
InterTrader,Added to outreach blacklist,2026-05-21
Sportingtech,Added to outreach blacklist,2026-05-21
NAGA,Added to outreach blacklist,2026-05-21
BetB2B,Added to outreach blacklist,2026-05-21
InBet Games,Added to outreach blacklist,2026-05-21
Soft genius,Added to outreach blacklist,2026-05-21
FXPN,Added to outreach blacklist,2026-05-21
Huidu,Added to outreach blacklist,2026-05-21
Ingot Brokers,Added to outreach blacklist,2026-05-21
Xendit,Added to outreach blacklist,2026-05-21
Finnplay,Added to outreach blacklist,2026-05-21
Paytently,Added to outreach blacklist,2026-05-21
Pinnacle,Added to outreach blacklist,2026-05-21
Solid Rock Investment,Added to outreach blacklist,2026-05-21
GRUPO ORENES,Added to outreach blacklist,2026-05-21
Lotería Escoge 2,Added to outreach blacklist,2026-05-21
Super Group,Added to outreach blacklist,2026-05-21
GURU PAY,Added to outreach blacklist,2026-05-21
DevCode Identity AB,Added to outreach blacklist,2026-05-21
Mobi,Added to outreach blacklist,2026-05-21
Bilderlings,Added to outreach blacklist,2026-05-21
Parimatch,Added to outreach blacklist,2026-05-21
KingMidas Games,Added to outreach blacklist,2026-05-21
FacilitoBet,Added to outreach blacklist,2026-05-21
Forward,Added to outreach blacklist,2026-05-21
Push Cash,Added to outreach blacklist,2026-05-21
Worldpay,Added to outreach blacklist,2026-05-21
Digital gaming,Added to outreach blacklist,2026-05-21
payabl.,Added to outreach blacklist,2026-05-21
Wiztechgroup,Added to outreach blacklist,2026-05-21
Zimpler,Added to outreach blacklist,2026-05-21
B2tech,Added to outreach blacklist,2026-05-21
SYMPHONY SOLUTIONS BV,Added to outreach blacklist,2026-05-21
DualSOFT,Added to outreach blacklist,2026-05-21
B89,Added to outreach blacklist,2026-05-21
Start2Pay,Added to outreach blacklist,2026-05-21
Apple iSports Group,Added to outreach blacklist,2026-05-21
ElenPAY,Added to outreach blacklist,2026-05-21
Flexify Finance,Added to outreach blacklist,2026-05-21
4Play Gaming,Added to outreach blacklist,2026-05-21
Elantil,Added to outreach blacklist,2026-05-21
Grim Wager Ltd,Added to outreach blacklist,2026-05-21
TECPINION,Added to outreach blacklist,2026-05-21
BZM Partners,Added to outreach blacklist,2026-05-21
Almost Perfect Casinos,Added to outreach blacklist,2026-05-21
7qz,Added to outreach blacklist,2026-05-21
Bologna Football Club,Added to outreach blacklist,2026-05-21
29Bet,Added to outreach blacklist,2026-05-21
Orsun,Added to outreach blacklist,2026-05-21
SENDS,Added to outreach blacklist,2026-05-21
Moonwalkers.io,Added to outreach blacklist,2026-05-21
Kaizen Gaming,Added to outreach blacklist,2026-05-21
ALLSTARSIT,Added to outreach blacklist,2026-05-21
Yaspa,Added to outreach blacklist,2026-05-21
M.Papadakis & Co,Added to outreach blacklist,2026-05-21
Casinosoft,Added to outreach blacklist,2026-05-21
totalcoin,Added to outreach blacklist,2026-05-21
Joe Martinez,Added to outreach blacklist,2026-05-21
Broadway Gaming Ltd,Added to outreach blacklist,2026-05-21
SBC Advisory Partners,Added to outreach blacklist,2026-05-21
Erin Labs,Added to outreach blacklist,2026-05-21
Bankd,Added to outreach blacklist,2026-05-21
Onside,Added to outreach blacklist,2026-05-21
xpate,Added to outreach blacklist,2026-05-21
Inpay,Added to outreach blacklist,2026-05-21
UAB Hoopoz,Added to outreach blacklist,2026-05-21
Pay-Masters.com,Added to outreach blacklist,2026-05-21
Paybis,Added to outreach blacklist,2026-05-21
Kingz,Added to outreach blacklist,2026-05-21
Classy Partners,Added to outreach blacklist,2026-05-21
G2 Risk Solutions,Added to outreach blacklist,2026-05-21
Path2Pay Ltd,Added to outreach blacklist,2026-05-21
Skywind Group,Added to outreach blacklist,2026-05-21
ZettaOnline Group Limited UK,Added to outreach blacklist,2026-05-21
Dafabet,Added to outreach blacklist,2026-05-21
nebeus.com,Added to outreach blacklist,2026-05-21
Rapyd,Added to outreach blacklist,2026-05-21
Finrax,Added to outreach blacklist,2026-05-21
PayAdmit,Added to outreach blacklist,2026-05-21
infipay tech,Added to outreach blacklist,2026-05-21
Alphos Ventures,Added to outreach blacklist,2026-05-21
Escrowfy,Added to outreach blacklist,2026-05-21
FinchTrade AG,Added to outreach blacklist,2026-05-21
Rekabet,Added to outreach blacklist,2026-05-21
Veli Asia,Added to outreach blacklist,2026-05-21
Zendesk,Added to outreach blacklist,2026-05-21
kompasbank,Added to outreach blacklist,2026-05-21
GeoComply,Added to outreach blacklist,2026-05-21
Betway,Added to outreach blacklist,2026-05-21
Exactly,Added to outreach blacklist,2026-05-21
Multiverse,Added to outreach blacklist,2026-05-21
NSX,Added to outreach blacklist,2026-05-21
Shikabet,Added to outreach blacklist,2026-05-21
EEG,Added to outreach blacklist,2026-05-21
MINT.IO,Added to outreach blacklist,2026-05-21
PointsBet,Added to outreach blacklist,2026-05-21
Campeon Gaming,Added to outreach blacklist,2026-05-21
AeterEdge,Added to outreach blacklist,2026-05-21
Casino Magic,Added to outreach blacklist,2026-05-21
SEBES,Added to outreach blacklist,2026-05-21
SYNOT Games,Added to outreach blacklist,2026-05-21
Cubeia,Added to outreach blacklist,2026-05-21
5G Systems GmbH,Added to outreach blacklist,2026-05-21
Volt Technologies,Added to outreach blacklist,2026-05-21
EstelarBet,Added to outreach blacklist,2026-05-21
Sebes Technology,Added to outreach blacklist,2026-05-21
Racecap,Added to outreach blacklist,2026-05-21
SysPay,Added to outreach blacklist,2026-05-21
My EU Pay,Added to outreach blacklist,2026-05-21
VIALET,Added to outreach blacklist,2026-05-21
PaymentPartner,Added to outreach blacklist,2026-05-21
La Finteca,Added to outreach blacklist,2026-05-21
Decta,Added to outreach blacklist,2026-05-21
Shift4,Added to outreach blacklist,2026-05-21
AvadaPay,Added to outreach blacklist,2026-05-21
FlamingoPay,Added to outreach blacklist,2026-05-21
Sunbury Heights,Added to outreach blacklist,2026-05-21
PayAtlas/Corefy,Added to outreach blacklist,2026-05-21
OptiKPI,Added to outreach blacklist,2026-05-21
Felix Gaming,Added to outreach blacklist,2026-05-21
PIXEL INNOV,Added to outreach blacklist,2026-05-21
Tunzer,Added to outreach blacklist,2026-05-21
Playzia,Added to outreach blacklist,2026-05-21
AcuityTec,Added to outreach blacklist,2026-05-21
Gaming Corps,Added to outreach blacklist,2026-05-21
Paymid,Added to outreach blacklist,2026-05-21
Acquired Ltd,Added to outreach blacklist,2026-05-21
Dracopay,Added to outreach blacklist,2026-05-21
Xentum AG,Added to outreach blacklist,2026-05-21
Nuvei,Added to outreach blacklist,2026-05-21
Paymodum,Added to outreach blacklist,2026-05-21
18Peaches,Added to outreach blacklist,2026-05-21
iGaming Content Services,Added to outreach blacklist,2026-05-21
CryptoProcessing,Added to outreach blacklist,2026-05-21
SPRIBE,Added to outreach blacklist,2026-05-21
Reevo,Added to outreach blacklist,2026-05-21
Trustly,Added to outreach blacklist,2026-05-21
ZP,Added to outreach blacklist,2026-05-21
Ecardon,Added to outreach blacklist,2026-05-21
BETBY,Added to outreach blacklist,2026-05-21
Gaming Laboratories International LLC,Added to outreach blacklist,2026-05-21
Stats Perform,Added to outreach blacklist,2026-05-21
Spyde,Added to outreach blacklist,2026-05-21
DECTA LTD,Added to outreach blacklist,2026-05-21
Paysafe Ltd,Added to outreach blacklist,2026-05-21
Unlimit,Added to outreach blacklist,2026-05-21
MMG Corporation - Payments,Added to outreach blacklist,2026-05-21
RastPay,Added to outreach blacklist,2026-05-21
GIOCAONLINE S.R.L.,Added to outreach blacklist,2026-05-21
Smartico.ai,Added to outreach blacklist,2026-05-21
PAGSMILE,Added to outreach blacklist,2026-05-21
Fintoc,Added to outreach blacklist,2026-05-21
LetPay,Added to outreach blacklist,2026-05-21
Approvely,Added to outreach blacklist,2026-05-21
A55 Paysecure,Added to outreach blacklist,2026-05-21
PayMee,Added to outreach blacklist,2026-05-21
SiQURO,Added to outreach blacklist,2026-05-21
Paysecure,Added to outreach blacklist,2026-05-21
Payhound,Added to outreach blacklist,2026-05-21
COLIBRIX ONE,Added to outreach blacklist,2026-05-21
Paykassma,Added to outreach blacklist,2026-05-21
S-Interio,Added to outreach blacklist,2026-05-21
Berry Solutions,Added to outreach blacklist,2026-05-21
Greenjack Connect Limited,Added to outreach blacklist,2026-05-21
ZepoPay,Added to outreach blacklist,2026-05-21
PION FINANCE,Added to outreach blacklist,2026-05-21
PAYSTRAX,Added to outreach blacklist,2026-05-21
token.io,Added to outreach blacklist,2026-05-21
Payswix,Added to outreach blacklist,2026-05-21
Satchel eu,Added to outreach blacklist,2026-05-21
Trust Payments,Added to outreach blacklist,2026-05-21
CatoriTech,Added to outreach blacklist,2026-05-21
HostingB2B,Added to outreach blacklist,2026-05-21
iNetLotto,Added to outreach blacklist,2026-05-21
BETSSON GROUP,Added to outreach blacklist,2026-05-21
BetStarters,Added to outreach blacklist,2026-05-21
Up Bet Brasil,Added to outreach blacklist,2026-05-21
Ultrapari,Added to outreach blacklist,2026-05-21
Mondo gaming,Added to outreach blacklist,2026-05-21
Anakatech Group,Added to outreach blacklist,2026-05-21
Paymix Pro,Added to outreach blacklist,2026-05-21
Weavepay Limited,Added to outreach blacklist,2026-05-21
Payer.io,Added to outreach blacklist,2026-05-21
CONCRYT,Added to outreach blacklist,2026-05-21
FinXP,Added to outreach blacklist,2026-05-21
CrestPoint Solutions AG,Added to outreach blacklist,2026-05-21
Freemarket,Added to outreach blacklist,2026-05-21
FinchTrade,Added to outreach blacklist,2026-05-21
ISX Financial,Added to outreach blacklist,2026-05-21
VelPay,Added to outreach blacklist,2026-05-21
Easy Payment Services Ltd,Added to outreach blacklist,2026-05-21
Canis,Added to outreach blacklist,2026-05-21
UpGate,Added to outreach blacklist,2026-05-21
OUSLY GAMES,Added to outreach blacklist,2026-05-21
Aardvark Technologies,Added to outreach blacklist,2026-05-21
Shaw River Investment Pte Ltd,Added to outreach blacklist,2026-05-21
AC Capital Markets,Added to outreach blacklist,2026-05-21
Ultimamarkets,Added to outreach blacklist,2026-05-21
QuantumTrade Global Markets Limited,Added to outreach blacklist,2026-05-21
DCS Singapore,Added to outreach blacklist,2026-05-21
Tazapay,Added to outreach blacklist,2026-05-21
MPSA,Added to outreach blacklist,2026-05-21
UpTrader,Added to outreach blacklist,2026-05-21
Quadcode,Added to outreach blacklist,2026-05-21
RemittancesHub Enterprises,Added to outreach blacklist,2026-05-21
CoinEx,Added to outreach blacklist,2026-05-21
Nomupay Hong Long Limited,Added to outreach blacklist,2026-05-21
Shufti,Added to outreach blacklist,2026-05-21
Payreto Inc.,Added to outreach blacklist,2026-05-21
Native Trust,Added to outreach blacklist,2026-05-21
MTPay,Added to outreach blacklist,2026-05-21
ELP Group,Added to outreach blacklist,2026-05-21
Smilepayz,Added to outreach blacklist,2026-05-21
ArcticPay,Added to outreach blacklist,2026-05-21
Rapidz,Added to outreach blacklist,2026-05-21
OpiniQ Ltd,Added to outreach blacklist,2026-05-21
Blue Azurite Ltd,Added to outreach blacklist,2026-05-21
Coins.PH,Added to outreach blacklist,2026-05-21
Leptage,Added to outreach blacklist,2026-05-21
PayPal,Added to outreach blacklist,2026-05-21
Passtocredit Limited,Added to outreach blacklist,2026-05-21
IPTP Networks,Added to outreach blacklist,2026-05-21
CRYMBO,Added to outreach blacklist,2026-05-21
Equals Money,Added to outreach blacklist,2026-05-21
Biptap,Added to outreach blacklist,2026-05-21
Fomopay,Added to outreach blacklist,2026-05-21
AXI,Added to outreach blacklist,2026-05-21
Alpine Capital,Added to outreach blacklist,2026-05-21
Chargebacks911,Added to outreach blacklist,2026-05-21
Versus Trade,Added to outreach blacklist,2026-05-21
haipay,Added to outreach blacklist,2026-05-21
Limepay,Added to outreach blacklist,2026-05-21
PQA Labs,Added to outreach blacklist,2026-05-21
Swift-X,Added to outreach blacklist,2026-05-21
Influencico LLC,Added to outreach blacklist,2026-05-21
Wirease Limited,Added to outreach blacklist,2026-05-21
Transact365,Added to outreach blacklist,2026-05-21
RS Finance,Added to outreach blacklist,2026-05-21
Starcave Technology Company Limited,Added to outreach blacklist,2026-05-21
TransactaPay,Added to outreach blacklist,2026-05-21
Dupoin,Added to outreach blacklist,2026-05-21
Algo Venture Pte Ltd,Added to outreach blacklist,2026-05-21
Tradehall,Added to outreach blacklist,2026-05-21
SmashTech Ventures Ltd,Added to outreach blacklist,2026-05-21
Oxbridge Economics,Added to outreach blacklist,2026-05-21
Atlantic Partners Asia,Added to outreach blacklist,2026-05-21
PoolParty,Added to outreach blacklist,2026-05-21
CXM,Added to outreach blacklist,2026-05-21
BIC Market Co. Ltd,Added to outreach blacklist,2026-05-21
FBS,Added to outreach blacklist,2026-05-21
Bicmarkets co. ltd,Added to outreach blacklist,2026-05-21
Velocity Trade,Added to outreach blacklist,2026-05-21
Tothemoon,Added to outreach blacklist,2026-05-21
SD Ltd,Added to outreach blacklist,2026-05-21
OK,Added to outreach blacklist,2026-05-21
Hacksaw Gaming,Added to outreach blacklist,2026-05-21
Novibet,Added to outreach blacklist,2026-05-21
Proxylive Solutions,Added to outreach blacklist,2026-05-21
Genius Sports,Added to outreach blacklist,2026-05-21
MEGAFAIR,Added to outreach blacklist,2026-05-21
Somos Casino,Added to outreach blacklist,2026-05-21
FeedConstruct,Added to outreach blacklist,2026-05-21
Trifecta Gaming,Added to outreach blacklist,2026-05-21
Promofy,Added to outreach blacklist,2026-05-21
AVRE Union Ltd,Added to outreach blacklist,2026-05-21
Esports Entertainment Group,Added to outreach blacklist,2026-05-21
Golden Palace,Added to outreach blacklist,2026-05-21
Stadtcasino Baden AG,Added to outreach blacklist,2026-05-21
HARD ROCK CASINO NL,Added to outreach blacklist,2026-05-21
CALIMACO,Added to outreach blacklist,2026-05-21
OddsMavericks,Added to outreach blacklist,2026-05-21
Zeffyr Services Limited,Added to outreach blacklist,2026-05-21
Grand Casino,Added to outreach blacklist,2026-05-21
Comcarde Ltd,Added to outreach blacklist,2026-05-21
DNS Pay,Added to outreach blacklist,2026-05-21
Spin Joy Games,Added to outreach blacklist,2026-05-21
Vivo Group,Added to outreach blacklist,2026-05-21
Diamante Tech,Added to outreach blacklist,2026-05-21
Bragg Gaming,Added to outreach blacklist,2026-05-21
Alien Platform,Added to outreach blacklist,2026-05-21
SIA 365 IMK,Added to outreach blacklist,2026-05-21
Offsidegaming,Added to outreach blacklist,2026-05-21
Altenar,Added to outreach blacklist,2026-05-21
ifindbanks.com,Added to outreach blacklist,2026-05-21
EGT,Added to outreach blacklist,2026-05-21
FIRST - BEST IN SPORTS,Added to outreach blacklist,2026-05-21
QTech,Added to outreach blacklist,2026-05-21
Anakatech Interactive Ltd.,Added to outreach blacklist,2026-05-21
BetBrainers,Added to outreach blacklist,2026-05-21
Pluto Analytics,Added to outreach blacklist,2026-05-21
Genome,Added to outreach blacklist,2026-05-21
PayShield Technology,Added to outreach blacklist,2026-05-21
INXY Payments,Added to outreach blacklist,2026-05-21
INXY,Added to outreach blacklist,2026-05-21
SoftGamings,Added to outreach blacklist,2026-05-21
Yolo Group,Added to outreach blacklist,2026-05-21
Intelligent Gaming,Added to outreach blacklist,2026-05-21
Sift,Added to outreach blacklist,2026-05-21
Playnirvana Group,Added to outreach blacklist,2026-05-21
Evolution,Added to outreach blacklist,2026-05-21
Kava Gaming,Added to outreach blacklist,2026-05-21
DiamanteTech,Added to outreach blacklist,2026-05-21
Nailed It! Games/Games Global,Added to outreach blacklist,2026-05-21
Ivy,Added to outreach blacklist,2026-05-21
EnergyCasino,Added to outreach blacklist,2026-05-21
Funbet.me,Added to outreach blacklist,2026-05-21
SYNOT Games Ltd,Added to outreach blacklist,2026-05-21
TrustPay,Added to outreach blacklist,2026-05-21
LAG MERCHANT GROUP LTD.,Added to outreach blacklist,2026-05-21
PlayNorth,Added to outreach blacklist,2026-05-21
CSB Group,Added to outreach blacklist,2026-05-21
VallettaPay,Added to outreach blacklist,2026-05-21
JADE Entertainment and Gaming,Added to outreach blacklist,2026-05-21
Dualsoft Doo,Added to outreach blacklist,2026-05-21
Source Code Lab,Added to outreach blacklist,2026-05-21
Tycheros,Added to outreach blacklist,2026-05-21
FantasyGo,Added to outreach blacklist,2026-05-21
Fantafeat Enterprise,Added to outreach blacklist,2026-05-21
Adyen,Added to outreach blacklist,2026-05-21
Clear junction,Added to outreach blacklist,2026-05-21
Finchecker,Added to outreach blacklist,2026-05-21
Akurateco,Added to outreach blacklist,2026-05-21
Thedex,Added to outreach blacklist,2026-05-21
Cleverlee,Added to outreach blacklist,2026-05-21
OlyPay,Added to outreach blacklist,2026-05-21
Coinspaid,Added to outreach blacklist,2026-05-21
WALLESTER,Added to outreach blacklist,2026-05-21
4 Leaf Poker,Added to outreach blacklist,2026-05-21
Prime Ent Group,Added to outreach blacklist,2026-05-21
SOFT PAY,Added to outreach blacklist,2026-05-21
Casino House,Added to outreach blacklist,2026-05-21
Soap Payments,Added to outreach blacklist,2026-05-21
Evoke 888 & W.Hill,Added to outreach blacklist,2026-05-21
Commercegate,Added to outreach blacklist,2026-05-21
Entain Group Vienna,Added to outreach blacklist,2026-05-21
SpinOro by Anakatech,Added to outreach blacklist,2026-05-21
Pagseguro International,Added to outreach blacklist,2026-05-21
Betatransfer,Added to outreach blacklist,2026-05-21
SPORTIUM AND MARCAAPUESTAS,Added to outreach blacklist,2026-05-21
Verifo,Added to outreach blacklist,2026-05-21
Crypto Gator,Added to outreach blacklist,2026-05-21
Paynopain,Added to outreach blacklist,2026-05-21
Paysation,Added to outreach blacklist,2026-05-21
PayPlay,Added to outreach blacklist,2026-05-21
UNIWIRE,Added to outreach blacklist,2026-05-21
Dream Play,Added to outreach blacklist,2026-05-21
Neopay,Added to outreach blacklist,2026-05-21
ENJOY,Added to outreach blacklist,2026-05-21
MASCOT GAMING,Added to outreach blacklist,2026-05-21
BetForge,Added to outreach blacklist,2026-05-21
Tugi Tark,Added to outreach blacklist,2026-05-21
SGW-payment,Added to outreach blacklist,2026-05-21
Payouts.com,Added to outreach blacklist,2026-05-21
Evoke,Added to outreach blacklist,2026-05-21
Mollie,Added to outreach blacklist,2026-05-21
1win,Added to outreach blacklist,2026-05-21
Paysafe,Added to outreach blacklist,2026-05-21
Coins paid,Added to outreach blacklist,2026-05-21
Tx Tech,Added to outreach blacklist,2026-05-21
Smartico,Added to outreach blacklist,2026-05-21
Eupago,Added to outreach blacklist,2026-05-21
Amusnet Romania,Added to outreach blacklist,2026-05-21
PariPesa,Added to outreach blacklist,2026-05-21
Amusnet,Added to outreach blacklist,2026-05-21
Monnet Payments,Added to outreach blacklist,2026-05-21
Heropayments,Added to outreach blacklist,2026-05-21
VaultGames,Added to outreach blacklist,2026-05-21
Oddsgate,Added to outreach blacklist,2026-05-21
Redcore,Added to outreach blacklist,2026-05-21
BetBoom,Added to outreach blacklist,2026-05-21
Tylt Money,Added to outreach blacklist,2026-05-21
